core1,core2,core3,core4,core5,core6,core7,core8,mem,gpu,norm_ex_time
36.21,3.18,2.12,1.76,1.65,0.87,2.65,2.92,294.82,3.26,407
36.56,3.32,2.33,1.66,1.86,0.78,2.94,2.37,321.56,3.31,408
36.34,3.64,2.03,1.46,1.88,0.88,3.01,2.28,309.02,3.4,409
36.44,2.65,1.87,1.61,1.55,1.06,2.76,3.12,314.96,3.09,410
36.57,3.0,1.83,1.69,1.86,0.81,3.01,2.92,321.59,3.6,411
25.81,3.08,1.98,1.57,1.87,0.95,2.55,2.35,330.91,3.98,412
36.47,3.33,1.66,1.45,1.79,0.89,2.8,2.89,344.26,3.69,413
36.07,3.53,2.92,1.89,1.66,1.3,2.75,3.54,339.58,3.49,414
36.47,3.23,2.43,1.49,1.84,1.26,2.9,2.61,297.59,3.38,415
36.34,3.49,1.96,1.6,1.74,0.92,3.34,2.57,312.38,5.2,416
36.44,3.19,1.58,1.76,1.81,1.11,2.76,2.28,323.49,3.45,417
36.43,3.44,2.28,1.57,1.53,0.87,2.89,2.86,288.91,3.31,418
36.45,3.5,2.01,1.56,1.79,1.05,2.57,2.62,364.93,2.36,419
36.39,3.17,2.03,1.3,1.75,1.17,2.65,2.5,264.78,3.51,420
36.36,3.14,1.89,1.79,1.47,1.02,2.73,2.63,260.81,3.28,421
36.36,3.25,2.17,1.57,1.79,1.25,2.74,2.78,258.85,3.54,422
36.55,3.17,1.98,1.42,1.66,1.1,2.91,2.76,348.07,3.39,423
36.46,3.03,2.1,1.62,1.48,0.07,2.6,2.25,281.18,3.63,424
36.59,3.49,2.17,1.66,1.9,0.95,2.77,2.17,277.23,3.27,425
36.18,3.03,1.87,1.64,1.79,0.72,2.74,2.38,257.83,3.42,426
36.37,3.12,1.94,1.31,1.75,1.0,2.76,2.64,322.74,3.34,427
36.23,3.27,2.1,1.61,1.7,1.33,2.9,3.04,247.97,3.57,428
36.62,4.2,2.2,1.94,1.89,1.25,2.88,2.75,247.29,3.33,429
36.24,2.98,2.02,1.59,1.75,0.91,3.13,2.68,254.64,3.55,430
36.62,2.98,2.05,1.67,1.46,1.09,2.76,2.63,300.67,3.49,431
36.29,2.92,2.29,1.62,1.71,1.23,2.54,3.3,334.06,3.27,432
35.99,2.69,2.32,1.61,1.81,1.05,2.6,2.26,238.17,3.15,433
36.25,3.2,2.07,1.84,1.81,1.42,3.1,2.41,238.21,3.2,434
36.85,2.96,2.25,1.57,1.61,1.31,2.66,2.91,237.93,3.65,435
36.2,2.62,2.4,1.95,1.94,0.94,2.59,2.99,238.02,3.57,436
36.19,2.77,2.52,1.37,1.95,1.1,2.78,3.0,238.27,3.84,437
36.84,3.06,2.23,1.2,1.36,1.49,2.52,2.8,238.24,3.14,438
37.98,2.9,2.29,2.4,1.61,1.02,2.72,2.89,238.02,3.39,439
34.24,2.62,2.31,1.63,1.68,0.99,2.83,2.87,238.04,3.37,440
34.81,2.97,2.27,1.57,1.49,1.26,2.74,2.6,272.25,3.37,441
36.73,2.87,2.39,1.79,1.19,0.75,2.87,2.85,237.95,3.46,442
36.27,2.82,1.09,1.62,1.78,1.14,3.06,2.97,238.07,3.52,443
36.42,2.91,2.22,1.57,1.52,1.25,2.94,2.72,237.81,3.24,444
37.39,3.08,2.18,1.21,1.75,1.22,2.69,2.64,238.09,3.13,445
36.33,3.31,2.12,1.14,1.78,1.14,2.6,2.82,237.9,3.45,446
36.59,2.95,2.45,1.4,1.84,1.58,2.98,3.21,237.93,4.08,447
35.81,3.21,2.0,1.44,1.57,1.16,2.17,2.55,237.92,4.13,448
36.28,2.8,2.25,1.28,1.86,1.09,2.77,2.65,237.94,3.71,449
38.36,3.14,2.07,1.39,2.1,0.94,2.72,2.81,237.56,3.75,450
36.46,2.86,2.28,1.46,1.78,0.9,2.44,2.77,237.96,3.83,451
35.57,2.86,2.23,1.47,2.57,0.84,2.66,2.73,237.71,4.06,452
34.68,2.73,1.9,1.3,2.09,1.14,2.5,2.56,237.91,4.27,453
37.28,3.23,2.22,1.8,1.9,1.08,2.7,2.66,238.08,4.19,454
35.83,2.9,1.96,1.21,1.93,1.42,2.69,2.9,237.9,4.05,455
35.62,2.56,1.94,1.47,1.69,0.82,2.88,2.66,237.9,4.26,456
36.94,2.56,1.99,1.21,1.81,1.3,3.3,2.5,238.17,4.04,457
34.89,2.67,1.75,1.07,2.21,1.24,2.86,2.86,238.31,4.0,458
36.33,2.87,2.22,1.23,2.07,1.18,2.97,2.6,324.27,3.75,459
36.22,2.76,2.13,1.2,1.79,1.27,2.96,2.75,274.11,4.38,460
35.38,2.98,2.02,1.29,2.03,0.72,2.79,2.99,305.01,3.8,461
36.59,2.88,1.87,0.62,1.53,1.11,2.85,2.95,284.56,3.94,462
36.43,4.16,1.82,1.39,2.08,0.89,2.93,3.0,293.47,3.87,463
37.03,2.79,2.6,1.07,1.96,1.19,3.07,3.07,289.38,4.04,464
30.09,2.85,2.12,1.45,2.41,0.99,2.72,3.3,303.37,3.81,465
35.48,2.77,2.44,1.55,2.1,1.08,2.68,3.23,296.09,3.91,466
27.8,2.53,2.29,1.3,1.98,0.0,2.64,2.81,317.85,3.17,467
27.86,2.93,2.39,1.2,2.21,0.87,2.63,3.03,281.77,3.51,468
28.07,2.58,1.79,1.28,1.87,1.0,3.14,2.59,283.54,3.82,469
28.01,2.79,2.0,1.31,2.33,1.51,2.7,2.57,300.11,3.28,470
28.48,3.14,1.57,1.34,1.97,1.23,2.7,3.21,278.84,3.34,471
27.25,2.85,2.11,1.23,2.03,1.12,3.28,3.26,293.07,3.53,472
28.49,3.55,1.9,1.3,1.78,1.29,2.73,3.1,307.25,3.36,473
27.15,3.62,2.01,1.37,1.61,1.25,2.71,3.2,306.77,2.76,474
28.28,3.86,2.17,1.18,2.12,1.45,2.69,2.93,276.55,3.58,475
28.83,3.51,1.83,1.47,2.0,1.21,2.68,3.0,325.23,3.43,476
29.15,3.75,2.25,1.23,1.88,1.39,2.55,3.07,297.59,3.9,477
27.87,3.36,1.75,1.33,2.33,1.24,2.94,1.3,296.62,3.46,478
28.86,3.47,1.75,1.43,2.32,1.53,2.78,3.22,277.79,3.66,479
28.96,3.39,2.0,1.43,1.76,1.48,3.0,3.03,273.14,3.52,480
20.11,3.72,1.82,1.16,2.01,1.4,2.6,3.31,311.55,3.49,481
27.54,3.67,1.95,1.32,2.23,1.16,2.66,3.26,290.07,3.57,482
28.5,3.51,1.71,1.23,1.73,1.33,2.28,2.95,296.28,3.73,483
27.7,3.51,2.07,1.29,1.64,1.28,2.52,2.88,299.34,3.49,484
28.25,3.79,1.44,1.14,1.83,1.29,2.32,1.76,262.82,3.51,485
28.2,3.56,2.02,1.36,1.9,1.16,2.64,3.06,278.43,3.34,486
28.83,3.61,1.93,1.42,2.83,1.52,2.81,2.88,266.99,3.61,487
30.28,3.72,1.83,1.49,1.76,1.37,2.38,2.98,275.42,3.59,488
27.27,3.48,2.12,1.19,1.79,1.33,2.29,2.75,257.63,3.44,489
27.75,3.62,2.15,1.39,1.6,1.04,2.78,2.96,282.52,2.32,490
29.53,3.59,1.95,1.29,1.58,1.56,3.24,3.48,261.12,3.78,491
29.14,3.71,2.26,1.71,1.55,1.23,2.71,3.38,267.39,3.36,492
26.74,3.6,1.91,1.2,1.69,0.92,2.7,3.37,271.3,3.73,493
27.26,3.31,2.03,1.77,1.96,1.3,2.73,3.73,285.68,3.48,494
27.63,3.53,2.09,1.5,1.86,1.16,2.58,3.0,273.18,3.15,495
27.27,3.26,2.02,1.27,1.52,1.47,2.67,3.5,288.66,3.44,496
36.18,3.25,1.86,1.33,1.57,1.09,2.05,3.13,276.59,2.16,497
42.76,3.63,1.83,1.4,1.21,1.19,2.52,3.42,274.29,3.26,498
40.04,2.88,2.48,1.55,1.78,1.39,2.44,3.32,268.55,3.19,499
42.23,3.19,3.02,1.43,2.21,1.35,2.47,3.42,272.41,3.34,500
40.39,3.17,2.3,1.55,2.09,1.55,2.3,3.48,255.44,3.4,501
41.42,2.87,2.56,1.63,1.59,1.05,2.28,3.48,277.29,3.44,502
44.29,3.28,2.29,1.45,1.64,1.32,2.5,3.4,274.94,3.38,503
39.54,3.32,2.21,1.32,1.65,1.41,2.62,3.49,271.12,3.62,504
40.6,2.9,2.49,1.62,1.43,1.05,1.51,3.26,191.94,3.37,505
38.78,3.0,2.31,1.5,1.54,0.9,2.65,3.41,269.37,3.48,506
45.16,3.45,2.42,1.49,1.86,1.26,2.53,3.43,267.73,3.75,507
40.25,2.9,2.57,1.33,1.87,1.22,2.15,3.3,260.07,3.89,508
44.91,3.32,2.27,0.88,1.87,1.77,2.44,3.46,276.86,3.76,509
42.82,3.36,2.17,1.45,1.9,1.07,2.5,3.29,258.93,3.69,510
38.9,3.25,2.49,1.34,1.86,1.15,2.5,3.66,306.98,3.4,511
45.61,3.31,2.64,1.38,1.73,1.49,2.75,3.32,308.08,3.45,512
41.72,3.23,2.24,1.53,2.18,1.53,2.28,3.31,310.67,3.71,513
36.68,3.23,2.38,1.42,1.48,1.21,2.45,3.16,306.83,3.53,514
36.42,3.3,2.2,1.61,1.83,1.21,2.69,3.36,308.58,3.31,515
37.26,3.44,2.22,1.64,1.87,1.11,2.63,3.4,310.09,3.49,516
43.27,3.25,2.34,1.46,2.14,1.18,2.5,3.61,311.73,3.75,517
38.55,2.91,2.19,1.59,1.77,1.31,2.61,3.49,309.29,3.38,518
41.53,3.2,1.92,1.19,1.61,1.07,2.39,2.66,308.41,3.44,519
45.41,3.18,2.35,1.67,2.06,1.22,2.15,2.75,310.21,3.43,520
42.53,3.06,2.2,1.38,2.04,1.23,2.15,2.65,309.31,3.51,521
40.89,2.79,2.12,0.93,1.77,1.21,2.41,2.48,311.73,3.61,522
40.73,2.92,1.97,1.5,2.06,1.65,2.2,2.62,312.09,3.32,523
41.47,3.06,2.12,1.51,2.07,1.29,2.58,2.77,310.73,3.56,524
43.65,3.18,2.13,1.15,2.04,1.31,2.26,3.14,309.74,3.54,525
45.52,3.01,2.2,1.16,1.62,1.24,2.13,2.8,309.21,3.35,526
32.9,2.85,2.11,1.3,1.81,1.29,2.26,2.85,308.21,3.93,527
31.09,2.87,1.86,1.2,1.72,1.61,2.36,2.89,311.48,4.02,528
31.77,3.1,2.2,1.32,1.55,1.33,2.09,2.66,309.32,4.32,529
30.7,3.06,2.16,1.19,1.65,1.31,2.25,2.62,311.85,4.45,530
32.03,2.84,2.26,1.33,2.02,1.62,2.03,2.85,312.17,4.34,531
31.7,3.11,2.05,1.62,1.58,1.13,1.88,2.59,309.25,4.06,532
30.41,3.11,2.14,1.45,2.0,1.09,2.29,2.54,311.47,4.45,533
31.02,3.4,1.88,1.07,1.66,1.12,2.55,2.7,311.61,4.28,534
30.03,3.11,2.16,1.37,1.55,1.25,2.17,2.57,310.06,4.23,535
32.94,2.95,2.18,1.1,1.81,0.98,2.49,2.75,312.23,3.63,536
31.19,2.76,2.31,1.4,1.4,1.31,3.03,2.83,233.46,4.22,537
29.95,3.01,2.48,1.27,1.96,1.08,2.27,2.84,210.8,4.26,538
12.8,3.39,2.24,1.81,2.0,1.08,2.41,2.56,229.26,4.44,539
30.64,3.46,2.09,1.41,1.82,1.02,2.37,2.63,226.13,4.53,540
14.22,3.12,2.35,1.41,1.99,1.29,2.52,2.96,249.59,4.46,541
30.2,3.54,2.54,1.67,2.0,1.18,2.45,2.51,238.88,4.23,542
28.0,3.41,2.12,1.15,1.73,1.49,2.18,2.76,258.26,4.15,543
35.14,3.3,2.03,1.5,1.77,1.11,2.42,2.73,240.02,4.29,544
31.21,3.6,2.48,1.66,2.11,0.81,2.83,2.76,207.0,4.16,545
30.86,3.23,2.36,1.47,2.35,0.99,2.7,2.86,250.52,4.07,546
30.58,3.25,2.18,1.25,1.86,1.22,2.22,3.06,208.87,3.42,547
31.85,3.62,2.49,1.12,1.68,0.89,2.29,3.35,215.83,3.2,548
31.47,3.52,2.39,1.4,1.9,1.08,2.2,3.43,260.25,3.9,549
31.69,3.19,2.38,1.31,1.91,1.33,2.07,3.27,289.29,3.52,550
31.1,3.34,2.2,1.05,2.23,1.13,2.39,3.39,255.67,3.09,551
31.73,3.51,2.36,1.44,1.93,0.89,2.2,3.21,252.92,3.14,552
31.75,3.62,2.44,1.21,1.65,1.36,2.19,3.1,252.69,2.88,553
31.66,3.3,2.31,1.47,1.96,1.25,2.4,3.2,243.76,2.92,554
31.86,3.53,2.06,1.25,2.0,1.2,2.15,3.07,247.34,3.86,555
30.49,3.18,2.13,0.36,1.91,1.47,2.09,3.14,239.82,3.3,556
39.51,3.26,2.34,1.66,2.11,1.46,2.29,3.06,241.53,3.07,557
39.63,3.69,2.48,1.44,2.19,1.29,2.43,3.3,257.8,3.05,558
39.77,3.38,2.24,1.59,2.17,1.19,2.64,3.1,217.05,3.26,559
39.37,3.59,2.06,1.8,1.93,1.33,2.05,3.14,264.65,3.72,560
39.32,3.38,2.22,1.73,2.16,1.59,2.28,3.16,244.67,3.91,561
39.52,3.18,2.25,1.63,1.7,0.98,2.68,3.09,96.96,3.61,562
39.69,3.14,2.15,2.08,1.98,1.39,2.83,3.26,234.81,3.54,563
39.65,3.23,2.26,1.55,1.89,0.87,2.77,3.11,216.0,3.28,564
30.15,3.17,2.5,1.66,1.78,0.87,2.74,3.39,181.9,3.51,565
39.73,3.36,2.08,1.66,1.95,1.12,2.66,2.76,219.83,2.97,566
39.77,1.46,2.37,1.79,1.71,1.01,2.62,3.1,198.41,3.92,567
39.44,3.06,2.1,1.62,1.99,1.01,2.68,3.06,227.27,3.64,568
39.52,3.13,2.51,1.88,2.08,1.1,2.89,2.85,212.15,3.23,569
39.48,2.9,2.38,1.66,1.82,0.77,2.4,3.06,265.86,3.43,570
39.65,3.08,2.13,1.55,2.02,1.23,2.6,3.13,248.47,3.62,571
39.54,3.23,2.14,1.41,1.76,1.14,2.62,3.03,197.83,4.31,572
39.48,3.21,2.15,1.57,1.92,1.59,2.33,3.67,235.98,3.33,573
39.48,3.22,1.82,1.65,1.74,1.22,2.57,3.05,203.77,3.8,574
39.38,3.02,2.13,1.6,1.71,1.11,3.0,3.11,194.21,3.81,575
39.6,3.1,2.37,1.9,2.01,0.97,2.79,3.42,234.88,3.26,576
39.48,3.18,1.87,1.57,1.77,1.01,0.95,3.05,211.91,4.09,577
39.66,3.38,2.06,1.78,1.76,1.12,2.71,2.76,222.78,3.64,578
39.32,3.39,1.91,1.63,1.68,0.75,2.52,2.91,193.85,3.95,579
39.73,3.21,2.08,1.84,1.89,1.33,2.92,3.24,280.38,3.65,580
39.98,3.41,2.28,1.79,1.59,1.18,2.86,3.16,190.72,3.19,581
39.36,3.11,1.9,1.64,1.83,1.04,2.55,3.19,236.65,3.46,582
39.35,3.44,2.28,1.8,2.64,1.19,2.33,3.43,288.95,3.43,583
39.45,2.98,2.39,1.44,1.6,0.85,2.72,2.64,236.1,4.07,584
39.56,3.43,2.08,1.82,1.41,0.93,2.59,3.13,245.13,3.79,585
39.6,3.07,1.9,1.36,1.75,0.96,2.96,3.06,188.44,3.55,586
35.98,2.99,2.04,1.56,1.56,1.05,2.83,3.16,228.58,3.38,587
32.62,3.48,1.89,1.56,1.55,1.12,2.67,3.17,235.9,3.22,588
32.44,3.4,1.95,1.56,1.84,1.0,2.34,3.14,224.83,3.21,589
37.76,3.41,1.93,1.66,1.51,1.16,2.71,3.06,246.93,3.36,590
36.81,3.63,2.07,3.06,1.75,1.02,2.58,3.36,261.53,4.16,591
38.23,2.96,1.99,1.44,1.58,1.2,2.43,3.2,260.1,3.88,592
38.2,3.32,2.45,1.7,1.69,1.42,2.33,3.37,238.83,4.24,593
37.38,3.41,2.39,1.56,2.04,1.32,2.64,3.07,231.82,3.14,594
30.82,3.45,2.3,1.51,1.56,1.19,2.49,3.03,239.4,3.18,595
34.08,3.38,2.49,1.09,1.59,1.34,2.66,3.08,242.61,3.31,596
37.38,3.39,2.28,1.44,1.94,1.54,2.92,3.25,266.68,4.05,597
37.64,3.43,2.15,1.54,1.56,1.1,2.93,2.91,256.2,3.42,598
15.9,3.43,2.09,1.27,1.51,1.31,3.05,3.43,233.08,3.52,599
39.08,3.24,2.02,1.38,2.12,1.15,3.02,3.86,235.83,2.83,600
34.0,3.3,2.22,1.47,1.9,1.2,2.79,3.3,228.8,3.05,601
34.03,3.32,1.98,1.58,1.91,1.18,2.83,3.42,230.7,3.17,602
31.33,3.02,2.17,2.16,1.77,1.86,2.83,2.5,242.94,3.91,603
31.87,3.03,2.23,1.4,1.67,1.5,3.49,2.65,252.81,3.12,604
39.66,3.52,1.79,1.7,1.87,1.24,2.88,3.13,236.54,3.69,605
36.93,3.42,2.35,1.38,1.5,1.47,2.85,2.79,235.15,2.81,606
40.74,3.69,1.46,1.51,1.9,1.13,2.76,2.67,249.59,3.79,607
36.11,3.25,2.07,1.44,1.94,1.36,3.25,2.86,236.43,2.97,608
35.47,3.2,2.33,1.54,2.06,1.41,3.77,2.49,254.03,3.36,609
31.04,3.51,2.33,1.57,1.91,1.38,3.07,2.42,255.79,3.7,610
40.91,3.38,2.18,1.07,2.03,1.55,3.09,1.87,248.69,3.47,611
34.26,3.86,2.34,1.59,1.76,1.2,2.94,3.14,265.33,3.65,612
36.88,3.56,2.19,1.53,1.83,1.52,2.77,3.44,249.56,3.0,613
38.67,3.36,2.07,1.69,1.99,1.58,2.88,2.69,235.01,2.54,614
34.59,3.45,2.11,1.3,1.97,1.39,2.71,2.74,228.54,3.54,615
38.73,3.57,1.97,1.7,1.39,1.08,2.87,2.89,228.83,3.28,616
36.56,3.03,2.55,1.37,1.93,1.56,2.71,2.54,228.23,3.7,617
39.04,3.49,1.98,1.28,2.34,1.16,2.85,2.55,228.11,5.08,618
36.24,3.35,2.01,1.25,2.1,1.31,2.72,2.75,228.29,3.54,619
37.31,3.23,1.82,1.3,1.55,1.28,2.86,2.48,228.49,3.47,620
37.3,3.25,1.71,1.37,2.18,0.9,2.62,2.97,228.95,3.64,621
35.38,3.67,1.84,1.53,1.73,1.11,2.58,2.58,228.35,3.34,622
37.01,3.58,2.0,1.47,1.72,1.16,3.2,2.71,228.73,3.31,623
37.85,3.35,1.91,1.53,1.81,1.43,2.89,3.12,228.7,3.18,624
37.57,3.79,2.28,1.67,2.14,1.17,2.77,2.86,228.27,3.49,625
37.36,3.53,2.16,1.11,2.02,1.18,2.91,2.88,228.41,3.7,626
39.11,3.43,2.05,1.59,1.47,1.26,2.83,2.77,228.61,3.79,627
34.76,3.47,2.05,1.25,1.71,1.23,3.08,2.68,228.38,3.02,628
39.68,3.56,2.35,1.44,1.52,1.12,2.61,2.46,228.65,4.02,629
36.52,3.14,2.02,1.56,1.35,1.09,2.64,2.87,228.22,3.95,630
39.24,3.67,2.02,0.97,1.44,1.03,3.07,3.31,228.46,3.95,631
37.13,3.2,1.89,1.53,1.31,1.28,3.24,3.36,228.38,3.56,632
35.53,2.97,2.14,1.48,1.72,1.42,2.92,3.27,228.34,3.59,633
36.88,3.35,2.11,1.5,1.56,2.54,2.82,3.22,228.12,3.79,634
40.73,3.4,2.12,1.6,1.42,1.27,2.19,3.45,228.47,4.26,635
40.71,3.36,1.76,1.69,1.55,1.19,2.15,3.15,228.18,3.72,636
35.58,3.31,2.22,1.55,1.67,0.36,2.49,3.34,228.21,3.93,637
37.17,3.15,2.39,1.17,1.39,0.63,2.2,3.33,228.41,3.92,638
38.32,3.8,2.12,1.72,1.45,1.66,2.09,3.28,228.2,3.23,639
36.98,3.61,2.19,1.4,1.45,1.5,2.54,3.18,228.17,3.6,640
34.65,3.2,2.09,1.43,1.6,1.16,2.2,3.26,278.79,3.61,641
37.7,3.36,1.84,1.69,1.63,1.27,2.27,3.07,280.58,3.61,642
38.97,3.63,2.25,1.39,1.44,1.25,2.21,3.61,274.43,3.91,643
36.4,3.13,2.34,1.56,1.7,1.75,2.4,4.43,282.89,3.82,644
35.34,3.02,2.3,1.73,1.32,1.22,2.1,3.51,272.01,3.68,645
36.47,3.23,2.18,1.48,1.39,1.49,2.32,3.04,286.26,3.59,646
37.69,3.26,2.27,1.68,1.84,1.33,2.32,4.18,276.49,3.78,647
33.45,3.48,2.04,1.44,1.68,1.64,1.98,3.33,219.57,3.98,648
39.69,3.18,2.1,1.48,1.66,1.52,1.93,2.23,283.91,3.8,649
38.57,3.43,2.18,1.69,2.09,1.44,2.61,3.32,286.88,3.73,650
43.1,3.41,1.99,1.79,1.64,1.56,2.22,3.33,278.72,3.72,651
39.4,3.69,2.06,1.64,1.88,1.44,2.27,3.37,279.84,3.66,652
35.79,3.35,2.45,1.6,1.93,1.29,2.12,1.78,281.2,4.02,653
36.65,3.64,2.29,1.35,1.8,1.47,2.3,3.28,282.37,3.16,654
33.16,3.24,1.2,1.57,1.69,0.37,2.26,3.09,287.71,3.43,655
41.0,3.72,2.08,1.46,1.65,1.62,2.23,3.37,283.74,6.0,656
36.34,3.37,1.74,1.58,1.78,1.11,2.37,3.26,281.31,3.63,657
39.47,3.59,2.14,1.54,1.76,1.39,2.36,3.24,271.11,3.74,658
36.34,3.55,2.12,1.68,1.7,0.92,2.06,2.98,288.35,3.95,659
37.54,3.35,2.3,1.65,1.62,1.01,2.57,2.55,280.94,3.8,660
37.81,3.46,1.96,1.46,1.7,0.62,2.41,2.88,280.84,3.59,661
37.5,3.57,2.42,1.7,1.56,1.21,2.06,2.81,271.15,3.26,662
35.13,3.39,2.26,1.55,1.78,1.06,2.32,2.6,293.46,3.73,663
34.46,3.24,2.19,1.7,2.03,1.26,2.29,2.84,270.26,3.91,664
38.67,3.37,2.63,1.25,0.87,1.3,2.01,2.83,293.07,3.48,665
38.09,3.55,2.76,1.6,1.62,1.02,2.19,3.1,286.84,3.71,666
38.41,3.2,2.38,1.75,1.59,1.24,3.11,2.93,274.93,3.17,667
41.1,3.55,2.64,1.63,1.89,1.24,2.34,2.77,314.64,3.39,668
40.49,3.07,2.18,1.32,1.86,1.09,2.36,2.62,291.32,3.03,669
35.86,3.45,2.52,1.55,1.84,1.56,2.42,3.02,268.6,3.03,670
37.12,3.11,1.55,1.82,1.69,1.35,2.33,2.79,287.45,2.97,671
39.45,2.96,2.37,1.82,2.08,1.17,2.57,2.65,269.81,3.23,672
46.31,2.99,2.67,1.56,2.06,1.12,2.23,2.66,262.91,3.79,673
39.24,2.99,2.21,1.51,1.81,1.07,2.25,2.81,304.1,3.32,674
35.47,3.06,2.34,1.56,1.88,1.24,2.25,2.67,257.32,3.34,675
35.94,3.1,2.42,1.49,2.02,0.96,2.17,2.78,249.99,3.46,676
39.84,3.28,2.71,1.39,2.08,1.18,2.1,2.36,298.68,4.6,677
35.76,3.37,2.34,1.38,1.8,1.05,1.96,2.52,277.98,3.35,678
35.77,3.29,2.34,1.76,1.86,1.32,2.19,2.53,278.0,3.11,679
45.24,3.34,2.6,1.57,1.83,1.02,1.99,2.98,288.12,3.68,680
43.94,2.97,2.3,1.66,1.8,0.95,2.33,2.5,281.0,3.17,681
20.31,3.14,2.39,1.33,2.11,0.99,2.21,2.87,240.66,3.12,682
35.56,3.04,2.19,1.92,1.73,0.88,2.0,2.82,297.33,1.46,683
41.25,3.18,2.09,1.63,1.9,0.74,2.06,2.71,241.52,3.36,684
42.11,3.33,2.6,1.86,1.93,1.11,2.17,2.7,262.41,3.48,685
38.89,3.13,2.19,1.32,1.57,0.91,2.23,2.38,283.99,3.39,686
30.77,3.19,2.32,1.8,2.02,0.99,3.24,3.76,271.59,4.06,687
42.89,3.43,2.33,1.75,2.19,1.27,2.35,3.03,236.98,4.19,688
36.01,2.96,2.41,1.58,2.08,0.9,2.36,3.54,276.45,4.21,689
36.73,3.15,2.55,1.87,2.05,1.37,2.47,3.43,283.43,3.54,690
52.05,3.16,2.49,1.66,3.12,1.11,2.07,3.11,282.13,3.91,691
49.35,3.14,2.35,1.31,1.96,1.1,2.29,3.89,289.65,3.52,692
53.09,3.28,2.49,1.57,2.42,0.91,1.96,3.78,236.65,3.64,693
29.5,3.03,2.53,1.94,2.11,2.09,2.07,3.45,241.44,3.9,694
37.66,3.52,2.7,1.58,2.34,1.29,1.88,3.15,222.41,3.78,695
41.82,3.22,2.19,1.48,2.07,0.97,2.01,3.7,239.2,3.98,696
51.16,2.96,2.34,1.73,2.34,0.89,2.17,3.76,208.61,3.59,697
39.55,3.28,2.48,1.73,2.34,1.2,2.05,3.17,230.9,3.88,698
37.67,3.14,2.23,1.32,2.08,1.01,3.69,3.21,233.12,3.74,699
33.73,3.07,2.29,1.76,1.69,1.19,1.95,3.71,229.66,3.68,700
42.93,3.15,2.32,1.42,2.11,1.25,2.09,3.01,233.84,4.06,701
46.21,3.52,2.32,1.79,2.21,1.31,2.52,3.55,230.3,3.7,702
36.1,2.95,2.04,1.55,1.85,1.76,2.46,3.11,236.66,3.96,703
44.03,3.27,2.58,1.32,2.09,1.45,1.97,3.62,241.9,3.92,704
38.63,3.1,2.48,1.53,2.13,1.08,2.3,3.18,226.35,4.01,705
39.65,3.25,2.68,1.68,2.14,1.36,1.84,3.7,238.54,3.85,706
38.25,3.43,2.34,1.63,1.93,1.32,0.54,3.52,231.89,4.4,707
37.97,3.04,2.31,1.58,2.11,1.02,1.5,3.9,224.44,3.84,708
42.39,3.28,2.07,1.84,1.59,1.25,2.46,3.26,229.86,3.91,709
40.86,3.02,2.33,1.56,1.56,1.14,2.17,3.45,230.22,3.87,710
41.6,3.27,2.22,0.87,1.77,1.19,2.06,3.72,230.72,4.23,711
39.35,3.32,1.73,1.34,1.72,1.14,1.46,3.48,239.07,4.06,712
41.72,3.38,1.99,1.25,1.79,1.31,1.97,2.6,243.14,4.17,713
38.67,3.48,2.14,1.33,1.9,1.04,1.78,3.26,240.21,4.16,714
40.47,3.43,2.3,1.09,2.42,1.5,1.92,3.1,241.59,4.16,715
39.67,2.89,2.34,1.57,1.82,1.37,1.57,3.03,230.79,4.06,716
40.37,3.23,1.8,1.09,1.28,1.29,2.09,2.9,239.92,4.48,717
41.98,3.09,1.88,1.94,1.72,1.36,2.16,2.84,239.07,3.88,718
44.06,2.92,2.21,1.36,1.81,1.27,4.56,3.1,314.21,4.2,719
40.16,3.34,2.07,0.98,0.0,0.76,2.09,2.75,262.39,3.79,720
39.8,2.96,2.02,1.24,1.73,1.39,2.46,2.85,277.0,4.45,721
36.94,3.03,2.12,1.28,1.13,1.04,2.27,3.04,290.24,4.13,722
40.59,3.2,2.1,1.23,2.03,1.35,2.01,2.91,280.27,4.25,723
38.31,2.95,2.09,1.31,1.75,1.69,2.21,2.98,273.25,3.76,724
40.44,2.92,2.41,1.16,1.6,0.46,1.87,2.93,325.72,4.11,725
40.21,3.03,2.17,0.98,1.67,0.91,1.7,3.01,292.09,4.25,726
40.33,3.06,2.46,1.33,2.12,1.29,2.2,3.18,289.07,4.21,727
41.3,3.17,1.87,1.09,2.08,1.31,1.99,3.02,311.4,4.19,728
42.14,3.2,1.84,1.56,2.28,0.97,2.26,3.74,272.12,3.81,729
42.48,2.96,1.49,1.11,2.19,1.04,2.09,3.05,256.65,4.03,730
43.63,3.0,1.94,0.95,2.06,0.77,1.91,2.92,290.15,4.2,731
40.43,3.32,1.69,1.43,2.36,1.24,2.22,2.94,333.01,4.2,732
39.23,2.97,1.87,0.97,2.36,0.78,2.12,3.01,280.87,3.58,733
39.66,2.65,1.85,1.16,2.21,1.2,2.44,3.29,273.8,3.43,734
40.47,3.25,1.51,1.5,2.16,1.32,1.91,2.81,290.76,4.22,735
42.08,3.15,1.97,1.1,2.06,1.3,2.2,2.96,279.42,3.9,736
34.87,3.53,1.8,1.01,2.29,1.12,2.12,3.16,322.65,4.26,737
38.0,3.47,2.1,1.42,2.22,0.91,1.72,2.81,298.04,3.75,738
36.0,3.14,1.88,1.49,2.12,1.04,1.71,3.12,285.5,3.92,739
36.67,3.06,1.69,1.16,2.15,0.79,3.07,3.39,292.34,4.15,740
36.03,3.16,1.44,1.33,2.08,0.72,2.0,3.19,279.54,3.76,741
36.21,3.03,1.54,0.91,1.82,1.44,1.95,3.03,325.39,3.75,742
36.51,3.17,1.84,1.02,2.0,0.99,2.1,3.36,239.88,4.05,743
37.15,3.01,1.52,1.17,2.17,1.07,2.1,3.35,334.74,4.15,744
36.95,3.17,1.57,1.27,1.79,1.29,1.94,3.28,275.31,4.36,745
33.58,3.39,1.55,0.91,2.24,1.09,1.96,3.23,277.53,4.28,746
35.2,3.4,1.93,1.34,2.37,1.33,2.0,3.34,277.0,4.06,747
35.21,2.98,1.78,1.16,2.15,1.22,2.04,3.46,278.36,3.89,748
37.61,2.97,1.74,1.53,2.4,1.34,2.31,3.4,276.82,4.17,749
36.11,3.03,0.84,1.36,2.05,1.28,2.48,4.2,277.67,4.18,750
36.95,3.22,1.92,1.73,2.29,1.29,2.02,3.13,276.75,4.2,751
37.09,3.23,1.73,1.78,1.76,1.54,2.66,4.64,277.46,4.15,752
34.74,3.26,1.5,1.5,1.82,1.27,2.01,4.22,217.88,3.95,753
36.02,3.28,2.11,0.51,2.28,1.44,2.23,3.15,275.89,4.29,754
37.53,3.39,1.45,1.73,2.14,1.19,3.05,3.39,277.91,4.16,755
35.41,3.27,1.33,1.56,1.93,1.35,2.4,3.27,277.33,4.22,756
37.87,3.35,2.15,1.55,2.26,1.35,2.31,3.4,276.48,4.17,757
36.91,3.51,2.18,1.46,2.38,1.13,2.57,3.43,279.61,4.38,758
35.48,2.77,1.81,1.81,2.0,1.28,2.2,4.93,277.77,3.92,759
38.07,3.11,1.39,1.55,2.28,1.3,2.09,3.17,276.24,3.89,760
35.53,2.93,1.6,1.37,1.76,1.48,2.67,2.98,278.52,4.15,761
38.02,2.63,1.95,1.59,2.03,1.24,2.36,3.2,273.61,4.2,762
37.54,2.82,1.7,1.51,2.24,1.13,2.18,3.2,276.74,4.03,763
39.61,2.78,1.96,1.58,2.15,0.88,2.53,3.03,277.09,4.19,764
36.72,0.22,2.14,1.89,2.13,1.1,2.27,3.52,277.25,4.14,765
37.63,2.5,1.67,1.39,2.65,1.08,2.16,3.67,277.8,3.85,766
28.49,2.03,2.07,1.71,2.0,1.34,2.37,3.59,278.23,3.59,767
28.91,2.91,1.71,1.56,1.32,1.02,1.55,3.42,276.61,3.25,768
28.77,3.01,1.27,1.76,1.9,1.17,2.38,3.35,276.85,3.5,769
28.34,2.75,1.76,1.23,2.03,1.45,1.88,3.3,278.84,3.51,770
28.44,2.78,1.7,1.65,1.88,1.31,2.02,3.56,292.46,3.09,771
28.52,2.45,2.14,1.24,1.88,0.73,2.31,3.61,256.41,3.73,772
28.44,0.7,1.5,1.43,1.93,1.25,2.19,3.47,283.35,3.31,773
28.6,2.71,1.1,1.3,1.84,1.11,1.97,3.93,283.76,2.95,774
28.61,2.84,1.53,1.65,1.73,1.38,2.39,3.69,275.35,3.06,775
28.52,2.55,2.35,1.21,2.16,2.2,2.15,3.52,241.0,3.2,776
28.59,2.78,2.22,1.62,2.26,1.08,2.05,3.81,272.01,3.52,777
28.53,2.5,2.01,1.41,1.75,0.95,2.02,3.69,285.08,3.37,778
28.55,2.6,2.18,1.59,1.95,0.91,2.18,3.36,277.9,3.44,779
28.37,2.86,1.82,1.78,1.99,1.17,2.06,3.52,300.36,3.79,780
28.65,3.63,2.07,1.22,2.08,1.5,2.13,3.91,299.12,3.51,781
28.96,3.55,2.1,1.26,1.73,1.42,2.12,3.76,260.33,3.4,782
28.66,2.86,2.06,1.79,1.98,2.36,2.17,3.76,287.95,3.46,783
28.64,3.73,2.04,1.74,1.93,1.25,2.52,3.2,290.61,3.75,784
28.91,3.55,2.1,1.58,1.61,1.29,2.25,3.71,273.88,3.11,785
28.6,4.06,2.1,1.54,2.01,1.32,2.55,3.55,290.69,3.51,786
6.58,3.4,2.3,2.02,1.5,0.9,2.36,3.54,256.39,3.19,787
28.39,2.41,2.05,1.89,1.78,1.46,2.5,3.47,290.47,5.25,788
28.71,3.52,2.04,1.75,1.69,1.36,2.22,3.26,278.69,3.52,789
28.29,3.72,1.78,1.91,2.06,1.33,2.33,3.67,275.06,3.2,790
28.71,3.88,2.16,1.7,1.79,0.76,2.1,3.97,298.2,3.42,791
28.47,3.81,2.02,2.16,1.95,1.11,1.84,3.38,236.74,2.82,792
28.68,3.6,2.37,1.68,1.9,1.22,2.45,3.3,304.21,2.65,793
28.8,3.55,2.06,2.0,1.82,0.93,2.37,3.43,284.45,2.57,794
28.74,3.93,2.2,2.29,1.66,1.25,3.12,3.77,293.01,2.55,795
28.53,3.64,2.07,1.79,1.67,1.38,2.52,3.8,251.52,2.84,796
26.85,4.0,2.31,1.91,2.01,0.94,2.27,3.64,293.12,3.18,797
27.6,4.0,2.11,1.86,1.55,1.03,2.47,3.44,293.69,3.66,798
28.01,3.53,2.4,1.94,2.09,1.04,2.28,3.53,292.24,5.49,799
29.89,3.73,2.06,2.25,1.9,1.21,2.65,3.33,293.99,2.71,800
26.76,3.65,2.17,2.14,1.51,1.41,2.35,2.94,293.3,3.36,801
29.21,3.82,2.23,2.03,1.55,1.14,2.65,3.28,296.59,2.86,802
29.41,3.03,2.39,1.91,1.81,1.06,2.35,3.37,250.17,2.7,803
27.67,3.09,1.98,2.07,1.81,1.04,2.43,3.28,288.57,2.95,804
29.05,3.25,1.73,1.66,1.7,0.9,2.25,3.19,287.99,3.11,805
29.87,3.0,2.1,1.72,2.04,1.15,2.62,3.3,295.63,3.71,806
27.77,3.21,1.99,1.84,0.98,1.6,2.39,3.25,290.41,3.9,807
30.3,3.09,2.06,2.21,1.73,1.15,2.09,3.25,292.82,3.95,808
28.08,3.18,2.37,1.79,1.93,1.1,2.45,3.08,291.6,3.94,809
31.35,3.12,2.0,1.86,1.87,0.96,2.1,3.45,292.81,4.0,810
31.02,3.12,2.13,1.95,1.89,1.43,2.3,3.31,294.31,3.71,811
26.87,3.37,2.07,2.13,1.83,1.37,2.12,2.98,292.72,3.72,812
29.26,3.49,2.31,1.88,1.72,1.73,2.39,2.96,292.37,4.1,813
28.51,3.22,2.23,1.75,1.8,1.37,2.98,3.28,289.76,3.86,814
29.26,3.79,2.16,1.69,1.55,1.21,2.16,3.0,295.16,3.8,815
28.12,3.46,1.98,1.87,1.98,1.5,2.26,3.39,297.6,4.15,816
30.91,3.38,2.18,2.09,2.31,1.35,2.23,3.27,293.8,3.74,817
32.15,3.18,2.52,1.84,2.05,1.52,2.08,3.21,288.31,4.17,818
30.04,2.99,1.97,1.82,1.81,1.52,2.34,3.49,292.54,3.99,819
27.23,3.34,2.22,2.13,1.61,1.03,2.59,3.32,289.88,4.02,820
30.39,3.02,2.27,1.82,2.04,1.14,2.5,3.42,239.72,3.62,821
27.79,2.97,2.4,2.19,1.84,1.54,2.57,2.88,291.41,4.07,822
29.38,3.14,2.28,1.54,2.02,1.8,2.49,3.16,322.06,3.94,823
28.13,3.28,2.44,1.52,1.74,1.24,2.09,2.96,347.37,4.05,824
27.6,3.69,2.68,0.97,1.46,1.5,2.35,3.33,319.83,4.28,825
29.1,3.67,2.37,1.18,1.9,1.4,2.15,2.97,278.18,4.28,826
37.78,3.39,2.58,1.15,2.06,1.57,2.39,4.05,331.08,2.46,827
39.99,3.6,2.34,1.31,2.02,1.41,2.26,2.89,319.32,2.84,828
40.5,3.05,2.38,1.21,1.82,1.42,2.51,2.72,363.89,2.76,829
40.63,3.07,2.23,1.2,1.8,1.5,2.18,2.4,278.08,2.78,830
40.75,3.19,2.63,1.2,1.9,2.08,2.26,3.15,321.37,3.03,831
38.82,3.33,2.7,1.11,1.59,1.38,2.05,2.88,343.53,2.7,832
41.0,3.62,2.46,1.57,1.73,1.11,2.29,2.87,319.55,3.24,833
41.65,3.31,2.4,1.09,1.9,1.41,2.21,2.92,308.75,3.12,834
37.83,3.34,2.35,1.51,1.75,1.44,2.42,2.55,323.82,3.05,835
38.79,3.31,2.49,1.44,1.7,1.24,2.12,2.83,362.94,3.02,836
40.84,3.69,2.25,1.27,1.64,1.59,2.38,2.72,255.09,2.65,837
40.86,3.76,2.32,1.15,1.96,1.39,2.35,2.86,318.79,2.82,838
40.31,3.22,2.23,1.46,1.81,1.75,2.05,2.81,317.55,2.79,839
40.17,3.03,2.35,1.23,1.72,1.42,2.15,2.75,326.21,2.99,840
42.06,3.36,2.32,1.66,1.85,1.26,2.36,2.79,327.88,2.97,841
37.52,3.52,2.36,0.91,1.84,1.39,2.32,2.96,312.36,2.73,842
41.87,3.28,2.05,1.31,1.82,1.57,1.63,2.71,300.88,2.95,843
41.59,3.24,1.85,1.42,1.85,1.0,2.48,2.66,323.26,3.03,844
40.7,3.43,2.05,1.33,1.91,1.47,2.15,2.68,342.64,3.03,845
35.97,3.66,1.84,1.36,1.93,1.24,2.05,2.77,328.65,2.99,846
40.7,3.33,1.76,1.02,2.26,1.21,2.45,2.56,259.83,4.0,847
40.12,3.44,1.32,1.09,2.05,1.37,2.57,2.3,324.65,3.84,848
40.64,3.0,1.72,1.22,2.55,1.19,2.22,2.47,232.69,3.69,849
39.97,3.22,1.71,1.19,1.97,1.19,1.89,2.72,250.98,3.85,850
40.38,3.41,1.82,0.65,1.88,0.91,2.4,2.58,258.91,4.0,851
41.4,3.17,2.04,1.35,2.09,1.34,1.99,2.81,262.38,3.79,852
39.93,2.36,1.76,1.17,2.09,1.24,2.4,2.99,256.68,3.92,853
40.39,3.59,2.06,1.32,2.05,1.13,2.55,2.52,238.07,3.78,854
41.56,3.73,1.59,1.32,2.22,1.35,2.34,3.94,238.31,3.7,855
34.69,3.21,1.9,1.19,2.0,1.44,2.28,3.63,242.73,3.95,856
29.67,3.2,1.74,1.32,2.17,1.22,2.55,3.65,253.43,3.97,857
30.39,3.32,1.74,1.3,2.17,0.77,2.17,3.35,225.42,3.83,858
29.95,3.18,1.91,1.34,2.01,1.45,2.31,3.52,239.7,4.05,859
31.43,3.23,1.52,1.1,1.88,0.89,2.69,3.28,248.91,3.8,860
29.59,3.43,1.8,1.07,1.96,1.21,2.32,3.42,260.15,3.88,861
30.68,3.51,1.52,1.3,2.12,1.3,2.48,3.26,254.87,4.05,862
28.37,3.36,1.59,1.32,1.86,1.33,2.11,3.27,212.67,3.52,863
31.05,3.39,1.85,1.15,2.13,1.25,2.43,3.3,249.49,3.5,864
31.21,3.47,1.69,1.15,2.03,1.26,2.0,3.17,248.67,3.79,865
32.11,3.21,1.69,1.5,1.97,1.13,2.41,3.43,232.58,3.84,866
29.81,3.0,2.0,1.29,1.99,1.32,2.61,3.51,283.03,4.7,867
32.74,3.12,1.92,1.32,1.67,1.22,2.43,3.17,257.26,4.57,868
30.95,3.13,1.83,1.19,1.81,1.02,2.36,3.42,243.79,4.25,869
29.32,3.43,2.21,0.7,1.68,1.28,3.52,2.99,255.09,4.41,870
28.93,2.66,2.31,0.93,1.82,1.32,2.35,3.33,238.86,4.28,871
31.95,3.14,2.2,1.38,1.96,1.07,2.47,3.61,235.5,4.67,872
29.76,2.85,2.05,1.05,2.04,1.15,2.47,3.39,252.06,5.1,873
29.85,3.05,2.23,1.11,1.76,0.97,2.58,3.16,208.71,4.17,874
30.19,2.87,2.32,1.16,1.72,1.08,2.34,3.6,234.56,4.53,875
30.86,4.33,2.22,0.0,1.95,1.48,2.37,3.38,277.45,4.12,876
32.8,3.18,2.14,1.25,1.83,1.39,2.17,3.26,256.02,4.24,877
28.97,3.48,2.14,1.03,1.96,1.29,2.56,3.31,272.22,3.77,878
33.73,3.36,1.82,1.08,0.46,1.64,2.69,3.41,303.71,4.33,879
30.62,2.99,2.45,1.26,1.9,0.99,2.52,3.3,291.3,4.11,880
29.89,2.96,2.1,0.98,2.48,1.86,2.57,3.31,298.88,4.35,881
31.36,3.42,3.05,0.94,1.81,0.98,2.64,3.27,277.78,4.25,882
29.86,3.3,2.04,1.24,2.23,1.29,2.38,3.05,294.5,4.18,883
30.92,2.92,2.05,1.21,1.6,1.15,2.18,3.07,278.98,4.41,884
32.62,3.08,2.4,1.41,2.03,1.16,2.8,3.1,283.76,4.32,885
29.77,2.95,2.25,1.0,2.15,1.38,2.42,3.05,281.42,4.34,886
45.86,3.0,2.07,1.16,2.05,1.16,2.73,3.05,289.0,5.33,887
40.95,3.55,2.17,0.96,2.41,1.24,2.53,3.14,287.99,3.96,888
41.69,3.33,2.22,1.22,2.08,1.13,2.43,2.8,280.68,4.74,889
37.73,3.07,1.97,1.09,2.08,1.68,2.55,3.2,287.52,3.9,890
39.54,3.54,1.69,1.34,2.17,1.15,2.57,3.23,260.03,4.79,891
40.05,3.75,1.47,1.08,2.01,1.25,2.49,2.93,255.44,3.53,892
40.53,3.73,1.86,0.88,2.06,1.14,2.39,3.01,273.57,3.24,893
38.08,3.66,1.8,1.15,2.29,1.0,2.46,3.15,278.67,3.12,894
41.33,3.75,1.91,1.51,1.8,1.24,2.37,3.4,270.23,3.96,895
40.72,3.61,1.63,1.12,1.89,1.06,2.86,3.08,300.33,3.92,896
40.99,3.58,1.79,1.15,1.98,0.91,2.52,2.98,294.08,3.48,897
41.6,3.8,1.89,2.15,1.98,1.05,2.46,3.29,250.91,3.54,898
41.18,3.8,1.69,1.0,2.19,1.2,2.69,3.13,282.15,3.58,899
37.79,3.55,2.22,1.39,1.89,1.03,2.55,3.39,273.88,4.73,900
35.78,3.84,1.99,1.63,2.02,1.32,2.72,3.11,284.34,3.68,901
39.12,3.55,1.8,1.48,2.12,1.17,2.78,3.07,318.51,4.38,902
45.98,3.92,1.81,1.61,1.8,1.04,3.04,3.09,318.19,4.41,903
41.96,3.89,1.9,1.42,1.75,1.15,2.93,2.99,318.55,3.87,904
40.79,3.78,1.87,1.59,1.69,1.33,2.79,3.34,318.45,4.45,905
35.5,3.69,1.76,1.52,2.09,1.45,2.92,3.26,318.62,3.59,906
46.56,3.62,1.95,1.18,1.82,1.13,1.97,3.28,318.36,3.84,907
38.28,3.72,2.03,1.55,2.14,1.06,3.19,3.04,318.4,3.98,908
42.3,3.84,1.8,1.48,1.84,1.1,2.83,3.22,349.11,3.77,909
44.14,3.99,2.11,1.38,1.79,1.15,3.17,3.14,318.19,3.93,910
45.83,3.84,1.69,1.59,2.13,1.09,2.96,3.02,318.82,4.11,911
38.1,3.35,2.08,1.92,1.81,1.38,2.63,2.88,318.45,4.3,912
39.19,3.65,2.06,1.48,1.71,0.89,3.01,3.18,318.46,4.17,913
43.65,3.87,1.9,1.72,1.99,1.14,3.13,3.01,318.59,3.7,914
41.17,4.03,2.16,1.46,2.08,1.02,2.94,3.02,318.23,3.74,915
40.12,3.3,2.1,1.42,2.16,1.17,3.04,2.88,318.41,3.07,916
30.39,3.59,2.11,1.16,1.98,1.28,2.79,3.04,318.45,4.18,917
31.4,3.84,1.88,1.36,1.85,1.19,3.12,2.82,329.85,3.69,918
35.64,3.71,2.04,1.36,2.02,1.21,2.98,2.82,318.56,3.96,919
30.32,3.8,2.0,1.15,1.88,1.26,3.12,3.04,318.42,4.09,920
33.97,3.7,1.92,1.0,2.01,1.24,2.73,3.01,318.33,3.87,921
29.38,3.93,2.37,1.68,2.03,1.36,2.82,3.02,318.25,3.69,922
35.21,3.72,1.79,1.17,1.77,1.08,2.82,2.93,318.58,4.0,923
37.83,3.3,2.05,1.36,1.76,1.14,3.05,2.81,318.5,4.19,924
38.8,3.6,1.67,1.17,1.85,1.22,2.97,2.95,390.16,4.25,925
30.47,3.61,2.24,1.29,1.68,1.09,2.91,3.1,318.85,3.83,926
36.39,3.25,2.2,1.6,1.29,0.88,3.01,2.83,257.09,2.99,927
33.19,3.63,1.89,1.17,1.62,0.75,2.99,2.73,256.06,3.07,928
32.2,3.87,2.09,1.54,1.64,0.83,2.72,2.88,251.72,2.93,929
34.78,3.29,1.94,1.67,1.71,1.19,2.68,3.01,257.47,3.15,930
34.1,3.62,2.14,1.48,1.53,1.03,2.72,3.03,248.11,3.48,931
34.47,3.7,1.76,1.6,1.45,1.01,2.98,3.39,260.45,2.68,932
31.48,3.75,2.32,1.47,1.71,1.09,2.89,2.91,288.43,3.0,933
33.45,3.55,2.04,1.18,1.82,1.26,3.0,3.08,240.78,3.06,934
33.99,3.16,2.0,1.27,1.97,1.29,2.8,3.11,245.37,3.28,935
34.95,3.21,1.88,1.68,1.56,0.93,2.88,2.66,259.23,2.96,936
30.97,3.13,2.38,1.75,1.86,1.06,2.88,3.18,256.36,3.23,937
32.77,2.66,2.02,1.75,2.34,1.11,2.94,3.28,252.74,3.27,938
34.71,3.22,1.79,1.52,1.33,1.22,2.63,3.43,247.04,3.3,939
32.57,2.85,2.42,1.79,1.59,1.3,2.29,3.67,249.16,3.15,940
35.66,2.96,2.0,1.61,1.82,1.26,2.32,3.83,244.67,3.11,941
35.36,3.41,1.97,1.6,1.58,1.01,2.71,3.3,252.59,2.97,942
35.4,3.21,1.91,1.42,1.24,1.3,2.76,3.65,240.86,2.77,943
32.43,3.18,1.68,1.54,1.75,1.19,2.78,3.65,263.38,3.02,944
36.2,2.78,1.91,1.27,1.64,1.16,2.18,3.54,257.13,0.85,945
35.47,3.12,2.06,1.25,1.99,1.38,2.58,3.46,254.04,3.11,946
34.79,3.1,1.92,1.84,1.89,1.18,2.74,3.87,250.54,4.05,947
31.86,3.19,2.26,1.66,1.88,1.37,2.76,3.64,250.78,4.07,948
35.04,3.19,2.1,1.38,1.6,1.33,2.58,3.78,253.13,4.09,949
30.12,3.12,1.72,1.48,1.56,1.1,2.46,3.41,151.76,4.34,950
34.96,2.99,2.27,1.5,1.77,1.14,2.75,3.64,255.86,4.17,951
35.26,2.88,2.02,1.63,1.76,1.21,2.64,3.85,248.69,4.36,952
35.03,3.12,1.87,1.78,1.72,1.01,2.37,3.43,262.33,3.92,953
34.97,3.6,1.98,1.53,1.66,1.19,2.56,3.8,269.85,4.4,954
35.0,3.09,1.91,1.2,1.66,1.17,2.48,4.02,382.62,3.76,955
35.09,2.76,2.09,1.26,1.84,1.15,2.39,3.64,262.03,4.18,956
35.0,3.27,2.3,1.56,1.93,1.22,2.58,3.52,247.48,2.56,957
35.11,3.62,1.98,1.63,1.81,1.05,2.58,3.86,274.22,4.01,958
35.14,3.51,2.38,1.52,1.5,0.93,2.74,3.59,267.7,3.64,959
35.04,3.35,2.33,1.39,2.21,1.38,2.65,3.79,273.95,3.81,960
35.17,3.31,1.87,1.58,1.62,0.94,2.38,3.59,269.87,4.21,961
35.02,3.41,2.16,1.47,1.95,1.66,2.5,3.76,285.41,3.67,962
34.93,3.49,2.05,1.2,2.15,1.37,2.52,3.88,255.41,3.9,963
34.99,3.45,2.24,1.03,1.82,1.19,2.64,3.58,257.46,3.82,964
34.9,3.27,1.35,1.65,2.19,1.03,2.39,3.51,285.94,4.26,965
34.95,3.39,2.08,1.4,1.81,0.94,2.6,3.52,273.75,4.02,966
35.14,3.36,2.27,1.18,1.74,0.93,2.48,2.74,264.1,3.42,967
34.98,3.35,1.98,1.79,1.78,1.08,2.7,2.5,278.52,3.98,968
34.99,3.59,2.21,1.63,1.99,1.11,1.66,2.12,252.06,3.61,969
35.28,3.32,2.1,1.82,1.88,1.28,2.84,2.71,258.81,4.02,970
35.08,3.54,2.31,1.39,2.24,1.24,2.74,2.93,260.99,4.09,971
35.04,3.44,2.3,1.77,2.06,1.11,2.63,2.58,248.39,3.72,972
35.18,3.23,2.92,1.5,1.93,1.06,2.58,2.71,261.56,3.67,973
35.01,3.46,2.41,1.88,1.74,1.27,2.49,2.49,264.31,4.01,974
34.87,3.65,2.39,1.8,1.9,1.64,3.06,2.55,247.84,3.96,975
34.87,3.41,1.84,1.59,1.89,1.48,2.43,2.05,253.82,3.66,976
30.22,3.41,2.19,1.47,2.12,1.67,1.66,2.44,278.05,3.76,977
31.12,3.58,1.89,1.69,1.9,1.35,1.73,2.4,277.78,4.13,978
29.71,4.28,2.31,1.67,1.83,1.09,2.17,2.4,270.58,4.1,979
41.43,2.8,2.12,1.96,1.83,1.22,2.32,2.48,276.62,3.66,980
31.29,2.76,2.13,1.77,1.96,1.62,1.99,2.51,289.42,3.51,981
30.03,3.53,2.19,1.56,2.11,1.75,1.96,1.08,274.0,3.82,982
31.79,3.91,2.05,1.46,2.56,1.31,1.98,2.45,283.4,3.89,983
30.25,3.3,2.36,1.58,2.09,1.67,2.02,2.33,287.37,4.28,984
36.57,3.28,2.6,2.0,2.11,1.58,2.06,2.3,285.68,3.72,985
32.23,3.19,2.22,1.81,2.54,1.56,1.96,2.62,295.48,4.04,986
32.41,0.91,2.4,1.47,2.13,1.62,2.16,2.38,288.2,3.38,987
52.34,2.43,2.16,1.31,2.16,1.34,2.07,2.47,285.32,3.47,988
28.24,4.36,2.13,1.56,1.54,1.65,1.81,2.74,267.15,3.34,989
36.18,3.69,2.34,1.37,2.34,1.46,2.29,2.7,280.3,3.08,990
33.26,3.36,2.25,1.71,1.46,1.46,1.88,2.36,302.86,4.16,991
33.32,4.03,2.32,1.59,1.98,1.34,2.06,2.22,295.12,4.08,992
29.24,4.19,2.1,1.88,2.04,1.41,2.03,2.54,298.09,3.74,993
32.71,3.18,2.27,1.62,1.95,1.12,2.18,2.76,282.7,3.68,994
36.91,3.26,2.07,1.55,1.8,0.76,1.96,2.99,337.26,3.75,995
24.95,3.16,2.31,1.5,1.84,1.03,2.09,3.06,296.88,3.83,996
32.98,4.32,1.97,1.57,2.12,0.85,2.06,3.1,291.36,3.67,997
30.56,3.24,2.11,1.39,1.73,1.04,2.04,3.1,287.26,3.59,998
32.68,3.27,1.81,1.78,2.01,0.91,2.23,2.92,286.46,3.91,999
34.78,4.36,2.18,1.63,1.95,0.95,2.23,3.39,283.97,3.35,1000
33.11,3.45,2.23,1.57,1.73,1.11,2.19,2.97,290.35,3.85,1001
29.44,3.27,2.14,1.43,2.0,1.52,2.37,3.22,295.91,3.68,1002
36.74,3.29,2.58,1.67,2.02,1.03,2.13,3.11,279.42,3.9,1003
31.7,3.3,2.2,1.31,1.8,1.3,1.87,3.29,292.17,3.39,1004
37.22,3.27,2.88,1.55,1.96,1.19,2.04,2.83,327.03,3.41,1005
30.84,3.55,2.63,1.45,2.12,0.99,1.92,3.06,266.6,3.6,1006
32.65,3.68,2.68,1.64,1.81,1.43,2.1,3.39,284.89,4.24,1007
32.61,3.49,2.65,1.83,1.63,0.88,1.87,3.24,295.09,3.87,1008
32.94,3.35,2.34,1.77,1.55,1.33,2.15,3.25,290.86,4.24,1009
33.1,3.71,2.51,1.62,1.52,1.12,1.84,2.94,269.47,4.12,1010
32.82,3.67,2.58,1.69,1.37,1.25,2.21,3.21,243.69,4.53,1011
32.4,4.23,2.45,1.2,1.71,1.02,1.58,2.69,305.7,4.29,1012
32.6,3.27,2.54,1.51,1.47,1.28,1.97,3.91,297.72,4.34,1013
32.98,3.5,2.47,1.99,1.7,1.36,1.9,3.18,261.61,4.05,1014
32.55,3.44,2.32,1.4,1.66,0.73,2.69,3.01,288.63,4.53,1015
33.18,3.49,2.84,1.25,1.53,1.05,2.46,3.05,264.05,4.22,1016
32.72,3.37,2.36,1.24,1.66,0.95,2.51,3.0,333.39,4.32,1017
32.84,3.43,2.3,0.93,1.76,1.03,2.44,3.14,280.23,4.27,1018
32.65,3.32,2.65,1.23,1.48,1.13,2.9,2.65,315.66,4.24,1019
32.95,2.51,2.74,1.01,1.4,1.11,2.8,3.29,258.34,4.61,1020
32.5,3.52,2.58,0.85,1.61,1.37,2.96,3.13,145.03,4.15,1021
32.79,3.85,2.32,1.25,1.66,1.22,3.21,2.84,294.33,4.16,1022
32.65,3.38,2.55,1.34,1.46,0.98,2.68,3.55,276.49,4.36,1023
32.78,3.75,2.39,1.07,0.34,1.37,2.65,3.75,253.08,3.93,1024
32.52,3.35,2.67,1.37,1.3,1.28,2.61,3.8,256.12,4.12,1025
32.57,3.28,2.58,1.1,1.22,1.01,2.51,3.57,293.0,4.34,1026
32.98,3.54,2.2,1.42,1.58,0.98,2.58,3.01,296.04,3.18,1027
32.54,3.62,1.67,1.13,1.56,1.17,2.9,3.45,312.05,3.56,1028
32.6,3.37,1.89,1.01,1.73,1.01,2.7,4.58,318.16,3.8,1029
32.92,2.69,2.07,1.23,1.54,1.01,2.9,3.31,288.75,4.06,1030
25.52,3.12,1.8,0.99,1.59,1.21,2.66,3.27,286.9,3.63,1031
32.79,3.34,1.75,1.24,1.73,1.31,2.77,3.18,263.49,3.8,1032
32.65,3.47,1.97,0.93,1.74,1.03,2.58,3.31,307.1,3.78,1033
32.74,3.42,1.79,1.04,1.65,1.03,2.98,3.02,289.31,3.18,1034
32.66,3.61,1.69,1.19,1.66,1.11,2.77,3.11,269.44,3.43,1035
32.67,3.05,2.15,1.23,1.65,1.13,2.58,3.09,286.66,3.74,1036
33.42,3.24,2.21,1.04,1.74,0.9,2.82,3.28,296.97,3.5,1037
33.84,3.04,1.82,1.11,1.6,1.15,2.78,3.45,302.98,3.85,1038
33.46,3.56,1.94,1.36,1.32,1.26,2.85,3.35,320.6,3.39,1039
33.5,3.33,2.13,1.18,1.4,1.63,2.7,3.12,280.38,3.68,1040
33.57,3.4,1.83,0.91,1.67,1.04,2.78,3.14,285.81,3.82,1041
33.31,3.4,2.47,1.27,1.49,1.61,2.64,3.05,281.4,3.44,1042
33.63,3.55,1.73,1.16,1.89,1.32,2.51,2.9,274.27,3.45,1043
33.17,3.42,2.12,0.85,1.36,1.23,2.74,3.99,279.93,3.73,1044
33.44,3.73,2.07,0.93,1.54,1.15,2.62,3.36,283.63,3.6,1045
33.29,3.89,2.16,0.16,1.55,1.13,2.6,3.01,279.52,3.4,1046
33.51,3.9,1.85,1.27,2.03,1.51,2.76,3.19,263.13,4.03,1047
33.14,3.42,1.83,0.86,1.67,1.37,2.8,3.26,317.78,3.88,1048
33.44,3.65,1.92,0.73,2.03,1.03,2.7,3.2,295.19,3.99,1049
33.54,3.46,2.06,1.27,1.69,1.42,2.79,3.32,305.31,3.86,1050
33.41,3.92,1.92,1.28,1.75,1.4,2.55,3.38,285.16,3.84,1051
33.07,3.55,1.86,1.04,1.55,1.23,2.5,4.1,285.17,4.0,1052
33.72,3.77,2.22,1.75,1.54,1.35,2.37,3.58,254.81,3.56,1053
33.17,3.44,1.72,1.27,1.95,1.41,2.32,3.64,286.02,3.46,1054
48.24,3.78,1.91,1.4,2.06,1.27,2.22,3.83,292.37,3.62,1055
33.42,3.87,1.99,1.53,1.89,1.17,2.4,3.75,266.65,4.06,1056
33.54,3.47,0.97,1.42,1.67,1.04,2.59,3.67,305.16,3.85,1057
33.4,3.69,1.91,1.32,1.81,1.27,2.5,3.41,319.42,3.9,1058
32.98,3.6,1.98,1.65,1.95,0.96,2.54,3.63,336.53,3.66,1059
33.68,3.09,1.84,1.39,1.84,1.25,2.73,3.73,424.15,4.13,1060
33.11,3.83,2.03,1.45,1.95,0.88,2.43,3.85,320.69,4.09,1061
33.75,3.51,2.12,1.39,1.49,0.99,2.59,3.77,274.01,3.9,1062
33.35,3.77,1.97,1.61,1.66,1.01,2.52,3.65,296.61,3.89,1063
33.51,3.97,2.31,1.44,1.72,0.93,2.62,3.66,350.49,3.87,1064
33.21,3.57,1.54,1.48,1.86,1.17,2.51,3.75,308.99,3.94,1065
33.48,3.36,2.01,1.49,1.73,0.0,3.21,3.49,323.8,4.47,1066
33.03,3.11,2.42,1.31,2.06,0.88,2.84,3.42,327.48,3.01,1067
33.07,3.37,1.93,1.61,1.96,1.18,2.68,3.84,339.85,2.71,1068
33.17,3.16,1.99,1.51,1.76,0.86,2.55,3.7,257.99,3.11,1069
33.11,2.75,2.03,1.83,2.62,1.36,2.42,4.03,292.23,2.77,1070
33.53,3.0,3.09,1.25,1.91,1.22,1.86,3.55,304.39,2.73,1071
32.92,3.01,1.95,1.62,2.1,1.09,2.66,3.61,317.29,3.23,1072
33.06,3.32,2.08,1.63,1.69,1.4,2.16,3.78,326.45,2.51,1073
32.75,2.75,1.55,1.16,1.66,1.25,1.29,3.68,271.52,3.01,1074
33.15,3.2,1.77,1.56,1.81,1.15,2.2,4.01,301.41,3.27,1075
33.1,3.08,1.66,1.45,1.74,0.85,2.48,3.68,301.79,3.04,1076
33.15,3.08,1.79,1.48,2.05,1.47,3.23,3.72,321.86,2.73,1077
33.07,2.04,1.83,1.67,1.81,1.61,2.56,3.64,344.3,2.87,1078
33.15,3.25,1.88,1.75,2.24,1.21,2.81,2.6,301.39,3.17,1079
33.05,3.21,1.63,1.4,1.87,1.12,2.68,2.43,322.88,3.44,1080
33.15,3.27,1.68,1.26,2.11,1.11,2.52,1.93,325.74,3.11,1081
33.02,2.99,1.9,1.73,1.75,1.16,2.67,2.73,333.56,3.03,1082
23.43,2.86,1.66,1.5,2.26,1.34,2.32,2.52,279.48,3.05,1083
33.22,2.99,1.92,1.47,2.25,1.07,2.66,2.46,281.52,2.73,1084
33.11,3.2,1.45,1.61,1.9,1.03,2.47,2.31,290.94,3.06,1085
33.2,3.47,1.61,1.45,1.75,0.96,2.48,2.31,278.84,2.96,1086
33.33,2.96,1.98,1.49,1.41,1.3,2.32,2.9,281.19,4.11,1087
33.22,3.22,1.6,1.66,0.97,1.06,2.52,2.79,272.18,4.15,1088
33.14,2.65,2.0,1.77,1.57,1.21,2.82,2.22,295.46,3.94,1089
33.13,2.98,1.6,1.87,1.3,1.01,2.7,2.54,287.06,4.14,1090
33.03,2.9,1.87,1.54,1.3,1.16,2.37,2.34,298.21,3.87,1091
33.29,2.94,1.96,1.92,1.19,1.32,2.71,2.28,280.58,3.98,1092
33.38,2.79,1.39,1.86,1.4,1.19,2.75,2.3,287.91,4.07,1093
32.79,2.52,1.61,1.51,1.46,1.12,2.47,2.7,289.94,4.4,1094
33.09,2.81,1.73,1.75,1.34,1.11,2.43,2.16,298.12,3.99,1095
32.88,2.77,1.89,1.45,1.17,1.36,2.49,2.38,293.17,3.97,1096
32.93,2.9,2.59,1.4,1.35,1.21,2.42,4.14,280.54,4.13,1097
37.84,2.75,2.74,1.57,1.51,0.93,2.49,2.3,301.36,4.28,1098
34.13,2.78,2.27,1.7,1.44,1.5,2.54,2.48,284.8,4.19,1099
35.65,3.08,2.42,1.37,1.2,1.4,2.48,2.45,284.43,4.05,1100
34.72,2.95,2.63,2.0,1.22,1.25,2.3,2.16,297.29,3.84,1101
30.81,2.35,2.46,1.83,1.15,1.75,2.14,2.4,284.72,4.18,1102
38.14,2.75,2.87,1.61,1.57,0.01,2.18,2.32,283.68,4.41,1103
37.55,3.07,2.51,1.59,1.48,1.27,2.8,2.44,302.85,4.34,1104
36.41,3.13,2.64,1.78,1.45,1.04,2.4,2.51,289.09,3.86,1105
32.89,2.77,2.44,1.61,1.19,1.39,2.4,2.37,273.76,4.42,1106
36.38,2.95,2.66,1.77,2.26,0.91,2.84,1.86,277.18,2.83,1107
32.37,2.78,2.67,1.38,2.14,1.37,2.26,2.73,301.24,3.5,1108
36.18,3.04,2.43,1.5,2.25,1.14,2.46,2.76,303.27,2.96,1109
33.85,3.11,2.44,2.01,2.18,1.26,2.47,2.5,281.38,2.42,1110
35.18,2.95,2.5,1.74,1.92,1.58,2.32,3.49,284.69,3.62,1111
31.65,1.66,2.48,1.54,2.26,1.06,2.31,3.07,285.12,3.48,1112
34.2,2.86,2.27,1.78,2.39,1.26,2.49,2.77,289.79,3.76,1113
33.54,2.88,2.51,1.52,2.37,0.96,2.75,2.83,288.66,3.46,1114
31.69,3.1,2.53,1.49,2.41,1.18,2.12,2.99,269.23,3.24,1115
40.29,2.88,2.48,1.82,2.36,1.23,2.48,2.63,306.33,2.18,1116
35.85,3.13,2.46,2.02,2.15,1.03,2.4,2.64,297.14,2.18,1117
38.01,1.92,2.48,1.9,2.22,1.2,2.3,2.84,298.08,3.75,1118
35.6,0.77,2.41,1.51,2.08,1.34,2.41,1.93,274.07,3.59,1119
36.29,5.66,2.09,1.77,2.27,1.1,2.29,2.67,299.38,2.61,1120
34.85,2.86,2.46,1.6,2.26,1.43,2.18,2.92,259.07,3.34,1121
33.21,2.87,2.34,1.61,2.25,1.41,2.46,2.99,302.05,3.87,1122
33.65,2.9,2.25,1.53,2.07,1.4,2.56,2.7,291.86,2.12,1123
37.15,2.58,2.27,1.79,2.22,0.96,2.35,2.73,265.1,2.66,1124
35.68,2.8,2.58,1.5,2.13,1.47,2.42,2.76,295.49,3.22,1125
37.5,3.03,2.19,1.75,2.18,1.31,2.05,2.95,269.22,3.28,1126
33.99,2.68,2.12,1.59,1.9,1.18,2.31,2.72,264.62,4.28,1127
34.66,2.98,2.39,1.92,2.32,1.4,2.49,3.16,268.65,4.25,1128
31.08,2.98,2.16,1.71,2.05,1.33,2.54,2.93,267.01,2.61,1129
33.82,2.53,2.61,1.65,1.93,1.4,3.32,2.69,290.57,1.15,1130
34.85,2.86,2.35,1.67,2.3,1.12,3.2,2.77,287.49,4.08,1131
31.97,2.74,2.55,1.47,2.23,1.09,2.96,2.66,287.05,3.43,1132
28.37,3.34,2.25,1.63,1.63,1.51,2.66,2.68,270.98,5.02,1133
34.08,3.35,2.33,1.78,2.29,1.04,2.21,3.14,275.22,3.69,1134
32.8,3.33,2.24,1.49,1.97,1.15,2.95,3.37,238.1,3.76,1135
34.24,3.18,2.16,1.45,2.16,1.14,2.83,3.44,251.59,4.21,1136
34.1,3.24,2.09,1.6,1.82,2.02,3.09,3.3,249.23,6.73,1137
34.53,3.01,1.99,1.64,2.11,1.62,2.87,3.46,257.25,5.85,1138
34.15,3.35,2.3,1.82,1.61,1.18,2.91,3.42,244.73,3.52,1139
37.13,3.12,2.18,1.75,1.98,1.18,3.25,3.33,251.16,4.1,1140
34.72,2.99,2.42,1.42,1.98,1.41,3.15,3.15,303.02,3.29,1141
33.14,3.56,2.37,1.59,2.23,1.21,3.04,3.56,261.19,3.12,1142
32.41,3.12,1.96,1.92,1.99,1.49,2.98,3.19,251.74,3.41,1143
33.22,3.38,2.18,1.69,2.07,1.09,2.69,3.43,247.99,4.16,1144
35.72,3.05,2.23,1.64,1.9,1.19,3.19,3.41,260.36,4.06,1145
34.54,3.14,2.22,1.52,2.13,1.4,3.14,3.59,248.08,2.73,1146
32.9,3.13,2.26,1.23,1.29,1.2,3.12,3.3,264.42,3.65,1147
34.14,3.41,2.25,1.42,1.93,1.37,3.11,3.28,266.72,3.31,1148
34.52,3.16,2.54,1.65,1.77,1.43,2.71,3.27,242.55,3.07,1149
26.64,3.31,2.09,1.65,2.29,1.16,3.23,3.39,251.61,3.16,1150
32.94,3.37,2.06,1.73,2.18,1.56,2.3,3.16,262.72,3.36,1151
33.91,3.08,2.38,1.55,1.48,1.36,3.02,3.38,270.45,3.36,1152
36.34,3.3,1.98,1.82,2.02,1.18,2.58,3.29,266.5,3.17,1153
35.42,3.65,2.1,1.85,1.9,1.25,2.31,3.38,269.21,3.07,1154
33.68,4.01,2.16,1.62,1.9,0.99,2.94,3.18,253.86,3.27,1155
32.86,4.01,2.01,1.75,1.85,1.53,2.34,3.25,286.39,3.67,1156
36.42,4.1,1.71,1.45,2.16,1.38,2.87,3.2,247.91,3.2,1157
36.33,3.85,2.16,1.66,1.98,1.12,2.83,3.57,272.45,3.36,1158
36.38,3.57,1.97,1.98,1.53,1.24,2.58,3.19,263.51,3.34,1159
36.14,3.55,2.35,1.84,1.59,1.13,2.5,3.51,273.54,3.93,1160
36.25,3.88,2.1,1.43,2.0,1.48,2.89,3.56,303.68,3.35,1161
36.18,3.95,1.92,1.79,2.06,1.73,2.94,3.28,280.58,3.49,1162
36.1,3.7,1.72,1.87,2.0,2.28,3.18,2.91,342.82,3.43,1163
36.38,4.05,1.93,1.46,1.72,1.09,3.04,2.79,328.42,3.13,1164
36.37,3.88,1.64,1.84,1.88,0.94,2.3,2.89,270.58,3.55,1165
36.32,4.16,2.01,1.59,2.05,1.22,2.81,2.65,281.8,4.89,1166
36.18,3.93,1.13,1.68,1.94,1.01,2.54,3.09,299.59,3.76,1167
36.27,3.88,1.68,1.74,1.9,1.23,2.31,2.7,311.92,3.67,1168
36.76,3.71,1.83,1.37,1.56,0.9,2.32,2.65,255.21,3.39,1169
36.48,3.55,1.87,1.79,1.72,0.92,2.21,2.64,314.15,3.87,1170
36.64,4.07,1.91,1.61,1.97,0.69,2.56,2.69,297.89,4.17,1171
36.14,3.42,2.22,1.88,1.82,1.07,2.58,1.97,310.74,3.87,1172
36.62,3.91,1.27,1.8,1.78,1.26,2.16,2.85,267.69,3.72,1173
36.7,4.2,2.47,1.6,2.67,0.76,2.18,2.65,308.94,3.34,1174
36.22,3.77,1.5,1.75,2.03,0.92,2.07,2.88,325.56,3.29,1175
36.53,3.75,1.73,1.31,1.65,0.89,2.27,2.64,268.13,3.28,1176
36.24,3.81,1.44,1.76,1.86,0.98,2.6,2.86,390.82,3.48,1177
36.39,3.82,1.99,1.75,1.41,1.13,2.31,3.18,236.51,3.84,1178
36.12,3.91,1.77,1.69,2.03,1.17,2.33,2.7,286.8,3.7,1179
36.14,3.72,2.12,1.54,1.77,1.07,1.99,2.69,300.24,3.9,1180
36.54,3.85,1.89,1.56,1.77,0.81,2.41,2.74,262.28,3.44,1181
36.46,3.93,1.68,1.66,1.78,0.84,2.31,2.49,315.39,3.91,1182
36.47,3.7,1.79,1.87,1.87,1.07,2.27,2.84,288.44,3.68,1183
36.33,4.0,2.59,1.82,1.69,0.91,2.34,2.8,313.43,3.73,1184
36.41,3.97,1.63,1.69,2.16,0.86,2.36,2.82,312.42,3.99,1185
36.41,4.1,2.21,1.62,1.52,0.83,2.4,2.82,304.64,3.45,1186
36.12,3.56,1.14,1.64,1.63,0.93,2.49,2.8,320.06,3.79,1187
36.26,4.0,1.02,1.54,1.49,1.33,2.21,2.9,347.91,4.84,1188
36.39,3.82,1.84,1.62,1.75,1.12,2.54,2.32,265.1,3.59,1189
36.28,4.05,1.94,1.6,1.77,1.02,2.14,2.73,337.78,4.37,1190
36.52,3.91,1.81,1.58,1.97,1.15,2.51,2.74,287.69,3.6,1191
36.36,3.86,1.94,1.75,1.69,0.94,2.24,2.79,330.43,3.84,1192
36.15,3.95,2.13,1.96,2.0,0.74,2.09,2.69,330.46,3.04,1193
36.34,4.23,2.16,1.72,1.51,1.54,2.33,2.65,289.47,3.35,1194
36.27,3.91,2.04,1.5,1.76,1.07,1.81,2.21,290.69,3.33,1195
36.3,4.01,2.09,1.5,1.87,0.96,2.04,2.42,308.54,4.1,1196
36.16,4.09,2.13,1.82,1.34,1.07,2.39,2.36,315.41,3.93,1197
36.51,3.75,2.1,1.33,1.98,0.89,2.15,2.84,330.98,3.28,1198
36.0,4.06,1.81,1.64,1.75,1.16,2.51,2.16,332.96,3.46,1199
36.51,4.16,2.04,1.7,1.69,1.17,2.7,2.52,285.13,3.95,1200
36.51,4.07,3.03,1.85,2.28,0.63,2.26,2.78,282.8,3.09,1201
36.49,4.02,2.42,1.75,1.54,0.96,2.09,2.92,323.93,3.47,1202
39.54,3.72,2.15,1.53,1.77,1.02,2.46,2.81,262.38,3.56,1203
36.18,3.72,1.96,1.59,1.58,1.12,2.5,2.61,276.15,3.57,1204
36.21,4.26,1.72,1.59,1.65,0.76,2.36,2.81,238.81,4.48,1205
36.24,3.63,1.93,1.69,1.94,1.04,2.61,2.91,308.28,3.29,1206
